question,answer
What are the admission requirements for Zewail City?,Applicants must have a high school diploma (Thanaweya Amma or equivalent) with a strong academic record in relevant subjects. Additional requirements include passing entrance exams and an interview.
How can I apply to Zewail City?,"You can apply through the official Zewail City website by filling out the online application form, uploading required documents, and paying the application fee."
What are the available programs at Zewail City?,"Zewail City offers programs in Engineering, Computer Science, Nanotechnology, Biomedical Sciences, and other advanced scientific fields."
Is there a scholarship program at Zewail City?,"Yes, Zewail City offers merit-based and need-based scholarships for outstanding students who meet specific academic and financial criteria."
What is the tuition fee for undergraduate programs?,Tuition fees vary by program. The latest fee structure is available on the official Zewail City website.
What is the deadline for admission applications?,Admission deadlines are announced on the university's website and social media channels. It is advised to apply early.
Do international students qualify for admission?,"Yes, international students can apply and must meet equivalent academic and English proficiency requirements."
What entrance exams are required for admission?,"Students may be required to take an aptitude test in mathematics, physics, or other subjects depending on their chosen program."
How do I contact the admission office?,You can contact the admission office via email at admissions@zewailcity.edu.eg or by phone through the numbers listed on the university website.
Is there student accommodation available?,"Yes, Zewail City provides on-campus accommodation for students, subject to availability."
question,answer
What are the admission requirements for Zewail City?,Applicants must have a high school diploma (Thanaweya Amma or equivalent) with a strong academic record in relevant subjects. Additional requirements include passing entrance exams and an interview.
How can I apply to Zewail City?,"You can apply through the official Zewail City website by filling out the online application form, uploading required documents, and paying the application fee."
What are the available programs at Zewail City?,"Zewail City offers programs in Engineering, Computer Science, Nanotechnology, Biomedical Sciences, and other advanced scientific fields."
Is there a scholarship program at Zewail City?,"Yes, Zewail City offers merit-based and need-based scholarships for outstanding students who meet specific academic and financial criteria."
What is the tuition fee for undergraduate programs?,Tuition fees vary by program. The latest fee structure is available on the official Zewail City website.
What is the deadline for admission applications?,Admission deadlines are announced on the university's website and social media channels. It is advised to apply early.
Do international students qualify for admission?,"Yes, international students can apply and must meet equivalent academic and English proficiency requirements."
What entrance exams are required for admission?,"Students may be required to take an aptitude test in mathematics, physics, or other subjects depending on their chosen program."
How do I contact the admission office?,You can contact the admission office via email at admissions@zewailcity.edu.eg or by phone through the numbers listed on the university website.
Is there student accommodation available?,"Yes, Zewail City provides on-campus accommodation for students, subject to availability."
What is the academic calendar for Zewail City?,The academic year typically starts in September and is divided into two semesters. Specific dates are published on the university website.
Are there research opportunities for undergraduate students?,"Yes, undergraduates can participate in research projects through Zewail Cityâ€™s research centers, working alongside faculty and researchers."
What facilities are available on campus?,"The campus includes modern labs, libraries, sports facilities, and student lounges to support academic and extracurricular activities."
Can students transfer to Zewail City from other universities?,"Transfer students may apply if they meet academic requirements and provide transcripts. Contact the admissions office for details."
What is the language of instruction at Zewail City?,"The primary language of instruction is English for all academic programs."
Are there extracurricular activities for students?,"Yes, Zewail City offers clubs, sports, and cultural events to engage students in campus life."
What career support services are available?,"The university provides career counseling, internships, and job placement services to help students transition to professional careers."
Is there a medical facility on campus?,"Yes, Zewail City has a medical clinic to provide basic healthcare services for students and staff."
What are the English proficiency requirements for admission?,"International and some local applicants must submit TOEFL or IELTS scores to demonstrate English proficiency."
How can I visit the Zewail City campus?,"Campus tours can be arranged by contacting the admissions office through the university website."
Where is Zewail City location?,"Zewail City of Science and Technology is located in 6th of October City, Giza, Egypt, approximately 30 km from central Cairo."
How can I get to Zewail City campus?,"The campus is accessible by car or public transportation from Cairo. Shuttle services may be available for students; check with the university for details."
Are there nearby amenities around Zewail City?,"The campus is in 6th of October City, close to malls, restaurants, and residential areas, providing convenient access to daily necessities."
What is the size of the Zewail City campus?,"The campus spans a large area with academic buildings, research centers, and student facilities, designed to foster a vibrant academic community."
Does Zewail City offer online courses?,"Currently, Zewail City focuses on in-person programs, but some courses may offer hybrid options. Check the university website for updates."
What is the student-to-faculty ratio at Zewail City?,"The university maintains a low student-to-faculty ratio to ensure personalized attention, though exact figures are available from the admissions office."
Are there international exchange programs?,"Yes, Zewail City partners with global universities for student exchange programs, offering opportunities to study abroad."
What dining options are available on campus?,"The campus has cafeterias offering a variety of meals, catering to different dietary preferences."
How safe is the Zewail City campus?,"The campus is equipped with security measures, including 24/7 surveillance and on-site personnel, to ensure a safe environment."
What is the history of Zewail City?,"Founded in honor of Nobel laureate Ahmed Zewail, the university was established to advance scientific research and education in Egypt."